{
	"sol":
	{
		"title": "SOL",
		"cover": "http://fr.web.img6.acsta.net/c_645_870/pictures/19/11/14/11/00/4656952.jpg",
		"duration": 98,
		"synopsis": "Sol, célèbre interprète de Tango argentin, vit à Buenos-Aires depuis de nombreuses années. Derrière son tempérament excessif et son sourire incandescent, la Diva cache une blessure dont elle ne s’est jamais réellement remise : la perte de son fils unique, Raphaël, avec qui elle avait rompu tout lien. Sol revient à Paris dans l’espoir de rencontrer enfin Jo, son petit-fils de 7 ans, né de l’union de Raphaël et d’Eva, sa belle-fille, qu’elle ne connaît pas."
	},
	"underwater":
	{
		"title": "Underwater",
		"cover": "http://fr.web.img6.acsta.net/c_645_870/pictures/19/12/10/15/22/3537266.jpg",
		"duration": 114,
		"synopsis": "Une équipe scientifique sous-marine fait face à un tremblement de terre. Sous l'eau, ils vont devoir essayer de survivre."
	}
}